expected_year,expected_month,status,filename,size_bytes,row_count,column_count,min_flight_date,max_flight_date,observed_years,observed_months,schema_matches_reference,schema_sha256,exact_duplicates_after_first,business_key_duplicates_after_first
2025,1,present,bts_ontime_2025_01.csv,70568590,539747,28,2025-01-01,2025-01-31,2025,1,True,72dacebf2b299c0ad72a8f5852fdcf376386ec6c2f31771a7e301c8c250521e4,0,0
2025,2,present,bts_ontime_2025_02.csv,66476330,504884,28,2025-02-01,2025-02-28,2025,2,True,72dacebf2b299c0ad72a8f5852fdcf376386ec6c2f31771a7e301c8c250521e4,0,0
2025,3,present,bts_ontime_2025_03.csv,79046062,600872,28,2025-03-01,2025-03-31,2025,3,True,72dacebf2b299c0ad72a8f5852fdcf376386ec6c2f31771a7e301c8c250521e4,0,0
2025,4,present,bts_ontime_2025_04.csv,76827367,583950,28,2025-04-01,2025-04-30,2025,4,True,72dacebf2b299c0ad72a8f5852fdcf376386ec6c2f31771a7e301c8c250521e4,0,0
2025,5,present,bts_ontime_2025_05.csv,80110895,605648,28,2025-05-01,2025-05-31,2025,5,True,72dacebf2b299c0ad72a8f5852fdcf376386ec6c2f31771a7e301c8c250521e4,0,0
2025,6,present,bts_ontime_2025_06.csv,81371690,611575,28,2025-06-01,2025-06-30,2025,6,True,72dacebf2b299c0ad72a8f5852fdcf376386ec6c2f31771a7e301c8c250521e4,0,0
2025,7,present,bts_ontime_2025_07.csv,83941725,631428,28,2025-07-01,2025-07-31,2025,7,True,72dacebf2b299c0ad72a8f5852fdcf376386ec6c2f31771a7e301c8c250521e4,0,0
2025,8,present,bts_ontime_2025_08.csv,79530029,602378,28,2025-08-01,2025-08-31,2025,8,True,72dacebf2b299c0ad72a8f5852fdcf376386ec6c2f31771a7e301c8c250521e4,0,0
2025,9,present,bts_ontime_2025_09.csv,73689877,562439,28,2025-09-01,2025-09-30,2025,9,True,72dacebf2b299c0ad72a8f5852fdcf376386ec6c2f31771a7e301c8c250521e4,0,0
2025,10,present,bts_ontime_2025_10.csv,81033014,605844,28,2025-10-01,2025-10-31,2025,10,True,72dacebf2b299c0ad72a8f5852fdcf376386ec6c2f31771a7e301c8c250521e4,0,0
2025,11,present,bts_ontime_2025_11.csv,76074494,570550,28,2025-11-01,2025-11-30,2025,11,True,72dacebf2b299c0ad72a8f5852fdcf376386ec6c2f31771a7e301c8c250521e4,0,0
2025,12,present,bts_ontime_2025_12.csv,78550518,582304,28,2025-12-01,2025-12-31,2025,12,True,72dacebf2b299c0ad72a8f5852fdcf376386ec6c2f31771a7e301c8c250521e4,0,0
